{"options":{"check_for_updates":true,"compatopts_for_requires":true,"compat_wrappedjsobject":false,"compat_metadata":false,"compat_foreach":false,"compat_arrayleft":false,"compat_uW_gmonkey":false,"compat_forvarin":false,"noframes":null,"awareOfChrome":false,"run_at":"document-end","override":{"merge_connects":true,"merge_excludes":true,"merge_includes":true,"merge_matches":true,"orig_connects":[],"orig_excludes":[],"orig_includes":[],"orig_matches":["*://www.youtube.com/*"],"orig_noframes":null,"orig_run_at":"document-idle","use_blockers":[],"use_connects":[],"use_excludes":[],"use_includes":[],"use_matches":[]}},"settings":{"enabled":true,"position":3},"meta":{"name":"YouTube Screenshot Control","uuid":"26205207-7a72-4ee8-b292-dd938f088809","modified":1542140354164,"file_url":"https://github.com/KyzaGitHub/YouTubeScreenshotControl/raw/master/src/YouTube%20Screenshot%20Control.user.js"}}